콜라보,타이틀,출시년도,재질,크기,박스크기,예상가격,낙찰가격
KAWS (b. 1974),Companion Karimoku Version,2011,Karimoku wood,10-1/2 x 4-1/2 x 3-1/4 inches (26.7 x 11.4 x 8.3 cm),12 x 6-5/8 x 4-3/4 inches (30.5 x 16.8 x 12.1 cm),"$10,000 - $15,000.","62,500.00"
KAWS X Hajime Sorayama,No Future Companion (Black Chrome),2008,Metallized plastic,12-1/2 x 7-3/4 inches (31.8 x 19.7 cm),16-1/2 x 11-3/4 x 11-1/4 inches (41.9 x 29.8 x 28.6 cm),"$8,000 - $12,000.","22,500.00"
KAWS X Hajime Sorayama,No Future Companion (Silver Chrome),2008,Metallized plastic,12-1/2 x 7-3/4 x 7-3/4 inches (31.8 x 19.7 x 19.7 cm),16-1/2 x 11-3/4 x 11-1/4 inches (41.9 x 29.8 x 28.6 cm),"$8,000 - $12,000.","27,500.00"
KAWS (b. 1974),"Accomplice, set of two",2002,Painted cast vinyl,9-1/2 x 3-1/2 x 2 inches (24.1 x 8.9 x 5.1 cm),10 x 4 x 3 inches (25.4 x 10.2 x 7.6 cm),"$6,000 - $8,000.","17,500.00"
KAWS X BE@RBRICK,NexusVII 400%,2007,Wood,10-3/4 x 5 x 3-1/4 inches (27.3 x 12.7 x 8.3 cm),12-1/8 x 6-3/4 x 4-3/4 inches (30.8 x 17.1 x 12.1 cm),"$3,000 - $5,000.","11,875.00"
KAWS X Lucas Films,Darth Vader,2007,Painted cast vinyl,9-3/4 x 4-1/2 x 3-1/2 inches (24.8 x 11.4 x 8.9 cm),12-1/4 x 6-5/8 x 5-1/2 inches (31.1 x 16.8 x 14 cm),"$1,000 - $1,500.","16,250.00"
KAWS X Lucas Films,Stormtrooper,2008,Painted cast vinyl,9-3/4 x 4-1/2 x 3 inches (24.8 x 11.4 x 7.6 cm),12-1/4 x 6-5/8 x 5-5/8 inches (31.1 x 16.8 x 14.3 cm),"$1,000 - $1,500.","10,000.00"
KAWS X BE@RBRICK,BWWT 400%,2005,Karimoku wood,10-3/4 x 5-1/4 x 3-1/2 inches (27.3 x 13.3 x 8.9 cm),12-1/8 x 6-7/8 x 4-5/8 inches (30.8 x 17.5 x 11.7 cm),"$3,000 - $5,000.","9,375.00"
KAWS X Disney,Pinocchio & Jiminy Cricket,2010,Painted cast vinyl,"10-1/4 x 5 x 4-1/2 inches (26 x 12.7 x 11.4 cm) (Pinocchio)
2-1/4 x 1 x 1 inches (5.7 x 2.5 x 2.5 cm) (Jiminy Cricket)",12 x 7-1/8 x 6-1/2 inches (30.5 x 18.1 x 16.5 cm),"$2,000 - $3,000.","13,750.00"
KAWS (b. 1974),Astro Boy,2012,Painted cast vinyl,14-3/4 x 6 x 4-1/2 inches (37.5 x 15.2 x 11.4 cm),16-1/2 x 8 x 6-1/2 inches (41.9 x 20.3 x 16.5 cm),"$1,500 - $2,500.","9,375.00"
KAWS X Lucas Films,Boba Fett,2013,Painted cast vinyl,9-3/4 x 4-5/8 x 3-3/4 inches (24.8 x 11.7 x 9.5 cm),12-1/4 x 6-5/8 x 5-5/8 inches (31.1 x 16.8 x 14.3 cm),"$1,000 - $1,500.","10,625.00"
KAWS (b. 1974),Five Years Later Companion (Glow in the Dark),2004,Cast vinyl,14-3/4 x 6-3/4 x 3-3/4 inches (37.5 x 17.1 x 9.5 cm),16-3/4 x 8-3/4 x 6 inches (42.5 x 22.2 x 15.2 cm),"$1,000 - $1,500.","5,750.00"
KAWS X BE@RBRICK,BBWW Tour 1000%,2012,Painted cast vinyl and fabric,28 x 13-1/4 x 9-1/2 inches (71.1 x 33.7 x 24.1 cm),31-1/2 x 16 x 12 inches (80 x 40.6 x 30.5 cm),"$2,000 - $3,000.","8,125.00"
KAWS (b. 1974),"Permanent Thirty-Three Heads, set of twelve",2008,Cast vinyl,1-1/2 x 1-1/4 x 1-3/4 inches (3.8 x 3.2 x 4.4 cm),,"$4,000 - $8,000.	","7,500.00"
KAWS (b. 1974),Astro Boy (Grey),2012,Painted cast vinyl,14-3/4 x 6 x 4-1/2 inches (37.5 x 15.2 x 11.4 cm),16-1/2 x 8 x 6-1/2 inches (41.9 x 20.3 x 16.5 cm),"$1,500 - $2,500.","5,750.00"
KAWS (b. 1974),"Companion, set of eight",2016,Painted cast vinyl,"10-1/2 x 4-1/2 x 2-1/2 inches (26.7 x 11.4 x 6.4 cm) (toy,","12 x 5-1/2 x 3-1/2 inches (30.5 x 14 x 8.9 cm) (packaging,","$3,000 - $5,000.","7,500.00"
KAWS X BE@RBRICK,Companion 1000% (Grey),2002,Painted cast vinyl,28 x 13-1/4 x 9-1/2 inches (71.1 x 33.7 x 24.1 cm),,"$2,000 - $3,000.","5,000.00"
KAWS X BE@RBRICK,Companion 1000% (Blue/Grey),2006,Painted cast vinyl,28 x 13-1/4 x 9-1/2 inches (71.1 x 33.7 x 24.1 cm),,"$2,000 - $3,000.","9,375.00"
KAWS (b. 1974),JPP (Yellow),2008,Painted cast vinyl,7-3/4 x 5 x 3 inches (19.7 x 12.7 x 7.6 cm),9-1/2 x 7-1/4 x 5-1/2 inches (24.1 x 18.4 x 14 cm),"$1,000 - $1,500.","3,750.00"
KAWS (b. 1974),Resting Place Companion (Black),2013,Painted cast vinyl,8-1/2 x 9 x 11-1/2 inches (21.6 x 22.9 x 28.6 cm),13 x 10-1/2 x 10-1/2 inches (33 x 26.7 x 26.7 cm),"$1,500 - $2,500.","5,375.00"
KAWS X Pushead,Companion (Bronze),2005,Painted cast vinyl,10-3/4 x 5-1/2 x 3 inches (27.3 x 14 x 7.6 cm),12-1/2 x 7-1/8 x 5-1/8 inches (31.8 x 18.1 x 13 cm),"$3,000 - $5,000.","8,750.00"
KAWS X BE@RBRICK,Dissected Companion 1000% (Black),2010,Painted cast vinyl,28 x 13-1/4 x 9-1/2 inches (71.1 x 33.7 x 24.1 cm),,"$2,000 - $3,000.","5,750.00"
KAWS (b. 1974),Companion (Brown),1999,Painted cast vinyl,7-1/2 x 4-1/4 x 2 inches (19.1 x 10.8 x 5.1 cm),8-1/4 x 4-1/2 x 3-1/4 inches (21 x 11.4 x 8.3 cm),"$1,000 - $1,500.","7,500.00"
KAWS X BE@RBRICK,Chompers 1000%,2003,Painted cast vinyl,28 x 13-1/4 x 9-1/2 inches (71.1 x 33.7 x 24.1 cm),,"$2,000 - $3,000.","8,125.00"
KAWS (b. 1974),Resting Place Companion (Grey),2013,Painted cast vinyl,8-1/2 x 9 x 11-1/2 inches (21.6 x 22.9 x 28.6 cm),13 x 10-1/2 x 10-1/2 inches (33 x 26.7 x 26.7 cm),"$1,500 - $2,500.","4,500.00"
KAWS (b. 1974),Resting Place Companion,2012,Painted cast vinyl,8-1/2 x 9 x 11-1/2 inches (21.6 x 22.9 x 28.6 cm),13 x 10-1/2 x 10-1/2 inches (33 x 26.7 x 26.7 cm),"$1,500 - $2,500.","4,250.00"
KAWS X BE@RBRICK,Dissected Companion 1000%,2008,Painted cast vinyl,28 x 13-1/4 x 9-1/2 inches (71.1 x 33.7 x 24.1 cm),,"$2,000 - $3,000.","6,875.00"
KAWS X BE@RBRICK,Dissected Companion 1000% (Grey),2010,Painted cast vinyl,28 x 13-1/4 x 9-1/2 inches (71.1 x 33.7 x 24.1 cm),,"$2,000 - $3,000.","5,000.00"
KAWS (b. 1974),Dissected Companion,2006,Painted cast vinyl,14-3/4 x 6-1/2 x 3-1/2 inches (37.5 x 16.5 x 8.9 cm),16-78 x 8-3/4 x 6 inches (42.9 x 22.2 x 15.2 cm),"$1,000 - $1,500.","10,000.00"
KAWS (b. 1974),"BFF Companion, set of three",2018,Painted cast vinyl,"13-1/8 x 5-5/8 x 3 inches (33.3 x 14.3 x 7.6 cm) (toy,","14-1/4 x 6-3/4 x 4 inches (36.2 x 17.1 x 10.2 cm) (packaging,",$600 - $800.,"3,250.00"
KAWS (b. 1974),Blitz (Green),2004,Painted cast vinyl,5-1/2 x 4-1/4 x 3-3/4 inches (14 x 10.8 x 9.5 cm),7-1/4 x 6 x 5-1/8 inches (18.4 x 15.2 x 13 cm),$600 - $800.,"2,125.00"
KAWS (b. 1974),Five Years Later Companion (Glow in the Dark),2004,Cast vinyl,14-7/8 x 6-1/2 x 3-1/2 inches (37.8 x 16.5 x 8.9 cm),17-1/8 x 6 x 8-3/4 inches (43.5 x 15.2 x 22.2),"$1,000 - $1,500.","12,500.00"
KAWS (b. 1974),Companion (Grey),1999,Painted cast vinyl,7-1/2 x 4-1/4 x 2 inches (19.1 x 10.8 x 5.1 cm),8-1/4 x 4-1/2 x 3-1/4 inches (21 x 11.4 x 8.3 cm),"$1,000 - $1,500.","4,250.00"
KAWS (b. 1974),Dissected Companion (Black),2006,Painted cast vinyl,14-3/4 x 6-1/4 x 3-1/4 inches (37.5 x 15.9 x 8.3 cm),17-1/8 x 8-3/4 x 6 inches (43.5 x 22.2 x 15.2 cm),"$1,000 - $1,500.","8,750.00"
KAWS X Todd James,The Twins (Glitter) (two works),2006,Cast vinyl,"8 x 3 x 1-3/4 inches (20.3 x 7.6 x 4.4 cm) (toy,",10-1/4 x 8-3/4 x 3-7/8 inches (26 x 22.2 x 9.8 cm),"$2,000 - $4,000.","13,750.00"
KAWS (b. 1974),Chum (White),2002,Painted cast vinyl,12-5/8 x 8-1/4 x 4-1/4 inches (32.1 x 21 x 10.8 cm),14 x 9-1/2 x 5 inches (35.6 x 24.1 x 12.7 cm),"$1,000 - $1,500.","6,000.00"
KAWS (b. 1974),Chum (Black),2002,Cast resin,12-5/8 x 8-1/4 x 4-1/4 inches (32.1 x 21 x 10.8 cm),14 x 9-1/2 x 5 inches (35.6 x 24.1 x 12.7 cm),"$1,000 - $1,500.","7,500.00"
KAWS (b. 1974),Passing Through Companion (Grey),2013,Painted cast vinyl,11-1/2 x 6-1/2 x 7-1/2 inches (29.2 x 16.5 x 19.1 cm),13-7/8 x 9-1/8 x 8-7/8 inches (35.2 x 23.2 x 22.4 cm),"$1,500 - $2,500.","5,000.00"
KAWS (b. 1974),Chum (Yellow),2002,Cast vinyl,14 x 8-1/4 x 4-1/4 inches (35.6 x 21 x 10.8 cm),14 x 9-1/2 x 5 inches (35.6 x 24.1 x 12.7 cm),"$1,000 - $1,500.","10,625.00"
KAWS (b. 1974),Five Years Later Companion (Black),2004,Painted cast vinyl,14-3/4 x 6-3/4 x 4 inches (37.5 x 17.1 x 10.2 cm),17 x 8-3/4 x 6 inches (43.2 x 22.2 x 15.2 cm),"$1,000 - $1,500.","6,875.00"
KAWS (b. 1974),Five Years Later Companion (Brown),2004,Painted cast vinyl,14-3/4 x 6-1/2 x 3-3/4 inches (37.5 x 16.5 x 9.5 cm),17 x 8-3/4 x 6 inches (43.2 x 22.2 x 15.2 cm),"$1,000 - $1,500.","8,125.00"
KAWS (b. 1974),Five Years Later Companion (Grey),2004,Painted cast vinyl,14-3/4 x 6-1/2 x 3-3/4 inches (37.5 x 16.5 x 9.5 cm),17 x 8-3/4 x 6 inches (43.2 x 22.2 x 15.2 cm),"$1,000 - $1,500.","11,875.00"
KAWS (b. 1974),Chum (Pink),2002,Cast resin,12-5/8 x 8-1/4 x 4-1/4 inches (32.1 x 21 x 10.8 cm),14 x 9-1/2 x 5 inches (35.6 x 24.1 x 12.7 cm),"$1,000 - $1,500.","11,250.00"
KAWS X Peanuts,Joe KAWS,2011,Painted cast vinyl,8-1/4 x 5 x 3-1/2 inches (21 x 12.7 x 8.9 cm),10-1/4 x 7-5/8 x 6-1/8 inches (26 x 19.4 x 15.6 cm),"$800 - $1,200.","4,000.00"
KAWS (b. 1974),Warm Regards Bar (Pink),2008,Painted cast vinyl,6-1/2 x 3-1/2 x 1 inches (16.5 x 8.9 x 2.5 cm),7-1/4 x 4-3/8 x 1-/3/4 inches (18.4 x 11.1 x 4.4 cm),$600 - $800.,"2,750.00"
KAWS (b. 1974),Dissected Companion (Grey),2006,Painted cast vinyl,14-3/4 x 6-1/2 x 3-1/2 inches (37.5 x 16.5 x 8.9 cm),17 x 8-3/4 x 6 inches (43.2 x 22.2 x 15.2 cm),"$1,000 - $1,500.","8,750.00"
KAWS (b. 1974),Passing Through Companion (Brown),2013,Painted cast vinyl,11-1/2 x 6-1/2 x 7-1/2 inches (29.2 x 16.5 x 19.1 cm),13-7/8 x 9-1/8 x 8-7/8 inches (35.2 x 23.2 x 22.4 cm),"$1,500 - $2,500.","5,250.00"
KAWS (b. 1974),Companion (Black),1999,Painted cast vinyl,7-1/2 x 4-1/4 x 2 inches (19.1 x 10.8 x 5.1 cm),8-1/4 x 4-1/2 x 3-1/4 inches (21 x 11.4 x 8.3 cm),"$1,000 - $1,500.","5,500.00"
KAWS (b. 1974),Passing Through Companion (Black),2013,Painted cast vinyl,11-1/2 x 6-1/2 x 7-1/2 inches (29.2 x 16.5 x 19.1 cm),13-7/8 x 9-1/8 x 8-7/8 inches (35.2 x 23.2 x 22.4 cm),"$1,500 - $2,500.","5,000.00"
KAWS X Todd James,The Twins (Pink) (two works),2006,Painted cast vinyl,"8 x 3 x 1-3/4 inches (20.3 x 7.6 x 4.4 cm) (toy,",10-1/4 x 8-3/4 x 3-7/8 inches (26 x 22.2 x 9.8 cm),"$1,000 - $1,500.","3,250.00"
KAWS (b. 1974),Chum (Clear),2002,Cast resin,12-5/8 x 8-1/4 x 4-1/4 inches (32.1 x 21 x 10.8 cm),14 x 9-1/2 x 5 inches (35.6 x 24.1 x 12.7 cm),"$1,000 - $1,500.","5,000.00"
KAWS X Robert Lazzarini,Companion (Grey),2010,Painted cast vinyl,8-1/4 x 4-1/2 x 2-1/2 inches (21 x 11.4 x 6.4 cm),10-1/4 x 6-3/4 x 5-1/8 inches (26 x 17.1 x 13 cm),"$1,000 - $1,500.","3,500.00"
KAWS (b. 1974),"Small Lie, set of three",2017,Painted cast vinyl,10-3/4 x 5 x 5 inches (27.3 x 12.7 x 12.7 cm),12 x 6 x 6 inches (30.5 x 15.2 x 15.2 cm),"$800 - $1,200.","2,000.00"
KAWS X Robert Lazzarini,Companion (Black),2010,Painted cast vinyl,7-3/4 x 4-3/4 x 2 inches (19.7 x 12.1 x 5.1 cm),10-1/4 x 6-3/4 x 5-1/8 inches (26 x 17.1 x 13 cm),"$1,000 - $1,500.","2,750.00"
KAWS (b. 1974),Bendy (Red),2003,Painted cast vinyl,13-3/4 x 3 x 1-1/2 inches (34.9 x 7.6 x 3.8 cm),15 x 3-3/4 x 6-1/4 inches (38.1 x 9.5 x 15.9 cm),"$800 - $1,200.","1,375.00"
KAWS X Robert Lazzarini,Companion (Brown),2010,Painted cast vinyl,7 x 5-1/4 x 2-1/2 inches (17.8 x 13.3 x 6.4 cm),10-1/4 x 6-3/4 x 5-1/8 inches (26 x 17.1 x 13 cm),"$1,000 - $1,500.","2,500.00"
KAWS X BE@RBRICK,Companion 400% (Blue/Grey),2006,Painted cast vinyl,10-3/4 x 5 x 3-1/2 inches (27.3 x 12.7 x 8.9 cm),11-1/2 x 6-1/8 x 4-1/2 inches (29.2 x 15.6 x 11.4 cm),$600 - $800.,"3,000.00"
KAWS X BE@RBRICK,Chompers 400% and 100% (two works),2003,Painted cast vinyl,"10-3/4 x 5 x 3-1/2 inches (27.3 x 12.7 x 8.9 cm) (400%)
2-3/4 x 1-1/4 x 1 inches (7 x 3.2 x 2.5 cm) (100%)",11-7/8 x 7-7/8 x 4-3/4 inches (30.2 x 20 x 12.1 cm) (box),$600 - $800.,"2,125.00"
KAWS X BE@RBRICK,Companion 400% (Grey),2002,Painted cast vinyl,10-3/4 x 5 x 3-1/2 inches (27.3 x 12.7 x 8.9 cm),11-1/2 x 6-1/4 x 4-3/8 inches (29.2 x 15.9 x 11.1 cm),$600 - $800.,"3,500.00"
KAWS X Peanuts,Woodstock,2012,Painted cast vinyl,6-3/4 x 4-3/4 x 4-1/2 inches (17.1 x 12.1 x 11.4 cm),9-1/4 x 7-3/8 x 7-3/8 inches (23.5 x 18.7 x 18.7 cm),"$800 - $1,200.","2,750.00"
KAWS X BE@RBRICK,Dissected Companion 400%,2008,Painted cast vinyl,10-3/4 x 5 x 3-1/2 inches (27.3 x 12.7 x 8.9 cm),11-1/2 x 6-1/4 x 4-1/2 inches (29.2 x 15.9 x 11.4 cm),$600 - $800.,"1,625.00"
KAWS X Jun Takahashi,Undercover Bear Companion (Black),2009,Cast vinyl,6 x 5 x 4-1/4 inches (15.2 x 12.7 x 10.8 cm),7-3/4 x 8-1/4 x 7-1/4 inches (19.7 x 20.3 x 18.4 cm),$600 - $800.,"1,500.00"
KAWS (b. 1974),Blitz (Grey),2004,Painted cast vinyl,5-1/2 x 4-1/4 x 3-1/2 inches (14 x 10.8 x 8.9 cm),7-1/4 x 6 x 5-1/8 inches (18.4 x 15.2 x 13 cm),$600 - $800.,"2,000.00"
KAWS X BE@RBRICK,Dissected Companion 400% (Black),2010,Painted cast vinyl,10-3/4 x 5 x 35 inches (27.3 x 12.7 x 88.9 cm),11-1/2 x 6-1/4 x 4-1/4 inches (29.2 x 15.9 x 10.8 cm),$600 - $800.,"1,875.00"
KAWS X Pushead,Companion (Black),2005,Painted cast vinyl,10-3/4 x 5-1/2 x 2-1/2 inches (27.3 x 14 x 6.4 cm),12-1/4 x 7-1/8 x 5-1/8 inches (31.1 x 18.1 x 13 cm),"$1,000 - $1,500.","2,500.00"
KAWS X Pushead,Companion (Silver),2005,Painted cast vinyl,10-3/4 x 5-1/2 x 2-1/2 inches (27.3 x 14 x 6.4 cm),12-1/4 x 7-1/8 x 5-1/8 inches (31.1 x 18.1 x 13 cm),"$1,000 - $1,500.","2,500.00"
KAWS X Neighborhood,Zooth (Black),2007,Painted cast vinyl,8 x 8-1/2 x 3-1/2 inches (20.3 x 21.6 x 8.9 cm),9 x 12-1/2 x 5 inches (22.9 x 31.8 x 12.7 cm),"$1,000 - $1,500.","1,750.00"
KAWS (b. 1974),JPP (Black),2008,Painted cast vinyl,7-3/4 x 5 x 3 inches (19.7 x 12.7 x 7.6 cm),9-1/2 x 7-1/4 x 5-1/2 inches (24.1 x 18.4 x 14 cm),"$1,000 - $1,500.","3,750.00"
KAWS X Todd James,The Twins (Brown) (two works),2006,Painted cast vinyl,"8 x 3 x 1-3/4 inches (20.3 x 7.6 x 4.4 cm) (toy,",10-1/4 x 8-5/8 x 3-3/4 inches (26 x 21.9 x 9.5 cm),"$1,000 - $1,500.","3,000.00"
KAWS X Neighborhood,Zooth (White),2007,Painted cast vinyl,8 x 8-1/2 x 3-1/2 inches (20.3 x 21.6 x 8.9 cm),9-3/4 x 12-1/2 x 4-1/2 inches (24.8 x 31.8 x 11.4 cm),"$1,000 - $1,500.","1,562.50"
KAWS X Pushead,Companion (Glow in the Dark),2005,Cast vinyl,10-3/4 x 5-1/2 x 2-1/2 inches (27.3 x 14 x 6.4 cm),12-1/8 x 7 x 5-1/4 inches (30.8 x 17.8 x 13.3 cm),"$1,000 - $1,500.","3,500.00"
KAWS X Pushead,Companion (Green),2005,Painted cast vinyl,10-3/4 x 5-1/2 x 3 inches (27.3 x 14 x 7.6 cm),12-1/4 x 7-1/8 x 5-1/8 inches (31.1 x 18.1 x 13 cm),"$1,000 - $1,500.","2,125.00"
KAWS X BE@RBRICK,Dissected Companion 400% (Grey),2010,Painted cast vinyl,10-3/4 x 5 x 3-1/2 inches (27.3 x 12.7 x 8.9 cm),11-1/2 x 6-1/4 x 4-1/2 inches (29.2 x 15.9 x 11.4 cm),$600 - $800.,"2,000.00"
KAWS (b. 1974),Blitz (Blue),2004,Painted cast vinyl,5-1/2 x 4-1/4 x 3-1/2 inches (14 x 10.8 x 8.9 cm),7-1/4 x 6 x 5-1/8 inches (18.4 x 15.2 x 13 cm),$600 - $800.,"2,000.00"
KAWS X Masamichi Katayama,Wonderwall (Black),2010,Painted cast vinyl,8-1/2 x 5-3/4 x 3-3/4 inches (21.6 x 14.6 x 9.5 cm),,$600 - $800.,"1,625.00"
KAWS X Masamichi Katayama,Wonderwall,2010,Painted cast vinyl,8-1/2 x 5-5/8 x 3-1/2 inches (21.6 x 14.3 x 8.9 cm),,$600 - $800.,"1,750.00"
KAWS X BAPE,Baby Milo (Pink/Green),2005,Painted cast vinyl,3-3/4 x 3-3/4 x 2-1/4 inches (9.5 x 9.5 x 5.7 cm),,"$800 - $1,200.	","1,625.00"
KAWS X BAPE,Baby Milo (Brown),2005,Painted cast vinyl,3-3/4 x 3-3/4 x 2-1/4 inches (9.5 x 9.5 x 5.7 cm),,"$800 - $1,200.","1,375.00"
KAWS (b. 1974),Bendy (Blue),2003,Painted cast vinyl,13-3/4 x 3 x 1-1/2 inches (34.9 x 7.6 x 3.8 cm),15 x 3-3/4 x 6-1/4 inches (38.1 x 9.5 x 15.9 cm),"$800 - $1,200.","1,187.50"
KAWS (b. 1974),Bendy (Grey),2003,Painted cast vinyl,13-3/4 x 3 x 1-1/2 inches (34.9 x 7.6 x 3.8 cm),15 x 3-3/4 x 6-1/4 inches (38.1 x 9.5 x 15.9 cm),"$800 - $1,200.","1,250.00"
KAWS X Jun Takahashi,Undercover Bear Companion (White),2009,Cast vinyl,6 x 5-1/2 x 4-1/4 inches (15.2 x 14 x 10.8 cm),7-3/4 x 8-1/4 x 7-1/4 inches (19.7 x 20.3 x 18.4 cm),$600 - $800.,"1,375.00"
KAWS (b. 1974),Bendy (Green),2003,Paint cast vinyl,13-3/4 x 3 x 1-1/2 inches (34.9 x 7.6 x 3.8 cm),15 x 3-3/4 x 6-1/4 inches (38.1 x 9.5 x 15.9 cm),"$800 - $1,200.","1,125.00"
KAWS (b. 1974),Bendy (Pink),2003,Painted cast vinyl,13-3/4 x 3 x 1-1/2 inches (34.9 x 7.6 x 3.8 cm),15 x 3-3/4 x 6-1/4 inches (38.1 x 9.5 x 15.9 cm),"$800 - $1,200.","1,750.00"
KAWS X BAPE,Baby Milo (White),2005,Painted cast vinyl,3-3/4 x 3-3/4 x 2-1/4 inches (9.5 x 9.5 x 5.7 cm),,"$800 - $1,200.	","1,625.00"
KAWS (b. 1974),Bendy (Yellow),2003,Painted cast vinyl,13-3/4 x 3 x 1-1/2 inches (34.9 x 7.6 x 3.8 cm),15 x 3-3/4 x 6-1/4 inches (38.1 x 9.5 x 15.9 cm),"$800 - $1,200.","1,375.00"
KAWS X BAPE,Dissected Milo (Black),2011,Painted cast vinyl,7-1/4 x 5-3/4 x 5 inches (18.4 x 14.6 x 12.7 cm),8-3/4 x 8-1/4 x 6-1/8 inches (22.2 x 21 x 15.6 cm),$600 - $800.,"1,625.00"
KAWS X BAPE,Dissected Milo,2011,Painted cast vinyl,7-1/4 x 5-3/4 x 5 inches (18.4 x 14.6 x 12.7 cm),8-3/4 x 8-1/4 x 6-1/8 inches (22.2 x 21 x 15.6 cm),$600 - $800.,"1,625.00"
KAWS X Warner Bros.,Tweety,2010,Painted cast vinyl,9-1/4 x 6-1/2 x 4 inches (23.5 x 16.5 x 10.2 cm),11-3/8 x 8-5/8 x 6-1/4 inches (28.9 x 21.9 x 15.9 cm),$400 - $600.,"3,125.00"
KAWS X BE@RBRICK,Dissected Companion 200%,2009,Painted metal,5-3/4 x 2-1/2 x 2 inches (14.6 x 6.4 x 5.1 cm),6-3/4 x 4 x 3 inches (17.1 x 10.2 x 7.6 cm),$400 - $600.,"1,500.00"
KAWS X Santa Inoue,Hasheem,2007,Painted cast vinyl,8-1/2 x 5-1/4 x 3-3/4 inches (21.6 x 13.3 x 9.5 cm),,$400 - $600.,"2,500.00"
KAWS (b. 1974),Warm Regards Bar (Brown),2008,Painted cast vinyl,6-1/2 x 3-1/2 x 1 inches (16.5 x 8.9 x 2.5 cm),7-1/4 x 4-3/8 x 1-3/4 inches (18.4 x 11.1 x 4.4 cm),$600 - $800.,"2,375.00"
KAWS X Bounty Hunter,Skull Kun (Red),2006,Cast vinyl,"6-1/2 x 5-1/4 x 3-1/4 inches (16.5 x 13.3 x 8.3 cm) (toy body)
1-1/2 x 1 x 1-1/4 inches (3.8 x 2.5 x 3.2 cm) (toy head)",,$600 - $800.,"2,500.00"
KAWS X Bounty Hunter,Skull Kun (Black),2006,Painted cast vinyl,6-1/2 x 5-1/4 x 3-1/4 inches (16.5 x 13.3 x 8.3 cm) (toy),,$600 - $800.,"1,875.00"
KAWS (b. 1974),Warm Regards Bar (White),2008,Painted cast vinyl,6-1/2 x 3-1/2 x 1 inches (16.5 x 8.9 x 2.5 cm),7-1/4 x 4-3/8 x 1-3/4 inches (18.4 x 11.1 x 4.4 cm),$600 - $800.,"2,250.00"
KAWS X BAPE,Dissected Milo (White/Grey),2011,Painted cast vinyl,7-1/4 x 5-3/4 x 5 inches (18.4 x 14.6 x 12.7 cm),8-3/4 x 8-1/4 x 6-1/8 inches (22.2 x 21 x 15.6 cm),$600 - $800.,"1,250.00"
KAWS (b. 1974),Skull Kun (White),2006,Painted cast vinyl,"6-1/2 x 5-1/4 x 3-1/4 inches (16.5 x 13.3 x 8.3 cm) (toy body)
1-1/2 x 1 x 1-1/4 inches (3.8 x 2.5 x 3.2 cm) (toy head)",,$600 - $800.,"3,000.00"
KAWS (b. 1974),Skull Kun (Green),2006,Painted cast vinyl,"6-1/2 x 5-1/4 x 3-1/4 inches (16.5 x 13.3 x 8.3 cm) (toy body)
1-1/2 x 1 x 1-1/4 inches (3.8 x 2.5 x 3.2 cm) (toy head)",,$600 - $800.,"3,000.00"
KAWS X realMad Hectic,Kubrick 400% (Silver),2003,Painted cast vinyl,9-3/4 x 6-3/4 x 3-1/4 inches (24.8 x 17.1 x 8.3 cm),11-7/8 x 8 x 4-3/4 inches (30.2 x 20.3 x 12.1 cm),$600 - $800.,"2,000.00"
KAWS X Bounty Hunter,Skull Kun (Black/White),2006,Painted cast vinyl,"6-1/2 x 5-1/4 x 3-1/4 inches (16.5 x 13.3 x 8.3 cm) (toy body)
1-1/2 x 1 x 1-1/4 inches (3.8 x 2.5 x 3.2 cm) (toy head)",,$600 - $800.,"2,250.00"
KAWS X Bounty Hunter,Skull Kun (Glow in the Dark),2006,Painted cast vinyl,"6-1/2 x 5-1/4 x 3-1/4 inches (16.5 x 13.3 x 8.3 cm) (toy body)
1-1/2 x 1 x 1-1/4 inches (3.8 x 2.5 x 3.2 cm) (toy head)",,$600 - $800.,"3,500.00"
KAWS X Bounty Hunter,Skull Kun (Brown),2006,Painted cast vinyl,"6-1/2 x 5-1/4 x 3-1/4 inches (16.5 x 13.3 x 8.3 cm) (toy body)
1-1/2 x 1 x 1-1/4 inches (3.8 x 2.5 x 3.2 cm) (toy head)",,$600 - $800.,"2,000.00"
KAWS (b. 1974),Cat Teeth Bank (Navy),2007,Painted cast vinyl,5 x 5 x 5 inches (12.7 x 12.7 x 12.7 cm),6-3/8 x 6-3/8 x 6-3/8 inches (16.2 x 16.2 x 16.2 cm),$400 - $600.,937.50
KAWS (b. 1974),Cat Teeth Bank (Green),2007,Painted cast vinyl,5 x 5 x 5 inches (12.7 x 12.7 x 12.7 cm),6-3/8 x 6-3/8 x 6-3/8 inches (16.2 x 16.2 x 16.2 cm),$400 - $600.,"1,187.50"
KAWS (b. 1974),Cat Teeth Bank (Black),2007,Painted cast vinyl,5 x 5 x 5 inches (12.7 x 12.7 x 12.7 cm),6-3/8 x 6-3/8 x 6-3/8 inches (16.2 x 16.2 x 16.2 cm),$400 - $600.,"1,375.00"
KAWS (b. 1974),Cat Teeth Bank (Orange),2007,Painted cast vinyl,5 x 5 x 5 inches (12.7 x 12.7 x 12.7 cm),6-3/8 x 6-3/8 x 6-3/8 inches (16.2 x 16.2 x 16.2 cm),$400 - $600.,"1,500.00"
KAWS X Warner Bros.,Tweety (Black),2010,Painted cast vinyl,9-1/2 x 6-1/2 x 4 inches (24.1 x 16.5 x 10.2 cm),11-1/2 x 8-3/4 x 6-1/4 inches (29.2 x 22.2 x 15.9 cm),$400 - $600.,"4,375.00"
KAWS X BE@RBRICK,Dissected Companion 100% (Black),2008,Painted cast vinyl,2-3/4 x 1-1/4 x 3/4 inches (7 x 3.2 x 1.9 cm),2-3/4 x 1-1/2 x 1-1/2 inches (7 x 3.8 x 3.8 cm),$100 - $150.,450.00
KAWS X BE@RBRICK X Takara Tomy,Choro-Q (Blue/Grey),2007,Painted cast vinyl,"1-3/8 x 3/4 x 3/8 inches (3.5 x 1.9 x 1 cm) (toy)
1-3/8 x 2 x 1-5/8 inches (3.5 x 5.1 x 4.1 cm) (car)",2-1/8 x 4 x 2-1/8 inches (5.4 x 10.2 x 5.4 cm) (box),$200 - $400.,625.00
KAWS X BE@RBRICK X Takara Tomy,Choro-Q (Grey),2007,Painted cast vinyl,"1-3/8 x 3/4 x 3/8 inches (3.5 x 1.9 x 1 cm) (toy)
1-3/8 x 2 x 1-5/8 inches (3.5 x 5.1 x 4.1 cm) (car)",2-1/8 x 4 x 2-1/8 inches (5.4 x 10.2 x 5.4 cm) (box),$200 - $400.,550.00
KAWS X Kubrick,"Bus Stop, Series 5",2002,Painted cast resin,"2-3/4 x 1-3/8 x 3/4 inches (7 x 3.5 x 1.9 cm) (toys, each)
3-1/2 x 6-3/8 x 2-1/4 inches (8.9 x 16.2 x 5.7 cm) (bus stop)",8-1/4 x 8-1/4 x 3-1/8 inches (21 x 21 x 7.9 cm) (box),$200 - $400.,550.00
KAWS X Kubrick,"Bus Stop, Series 1",2002,Painted cast resin,"2-3/4 x 1-3/8 x 3/4 inches (7 x 3.5 x 1.9 cm) (toys, each)
3-1/2 x 6-3/8 x 2-1/4 inches (8.9 x 16.2 x 5.7 cm) (bus stop)",8-1/4 x 8-1/4 x 3-1/8 inches (21 x 21 x 7.9 cm) (box),$200 - $400.,350.00
KAWS X Kubrick,"Bus Stop, Series 3",2002,Painted cast resin,"2-3/4 x 1-3/8 x 3/4 inches (7 x 3.5 x 1.9 cm) (toys, each)
3-1/2 x 6-3/8 x 2-1/4 inches (8.9 x 16.2 x 5.7 cm) (bus stop)",8-1/4 x 8-1/4 x 3-1/8 inches (21 x 21 x 7.9 cm) (box),$200 - $400.,350.00
KAWS X Kubrick,"Bus Stop, Series 4",2002,Painted cast resin,"2-3/4 x 1-3/8 x 3/4 inches (7 x 3.5 x 1.9 cm) (toys, each)
3-1/2 x 6-3/8 x 2-1/4 inches (8.9 x 16.2 x 5.7 cm) (bus stop)",8-1/4 x 8-1/4 x 3-1/8 inches (21 x 21 x 7.9 cm) (box),$200 - $400.,375.00
KAWS X Kubrick,"Bus Stop, Series 2",2002,Painted cast resin,"2-3/4 x 1-3/8 x 3/4 inches (7 x 3.5 x 1.9 cm) (toys, each)
3-1/2 x 6-3/8 x 2-1/4 inches (8.9 x 16.2 x 5.7 cm) (bus stop)",8-1/4 x 8-1/4 x 3-1/8 inches (21 x 21 x 7.9 cm) (box),$200 - $400.,219.00
KAWS X BE@RBRICK,Companion 100% (Blue/Grey),2006,Painted cast vinyl,2-3/4 x 1-1/4 x 0-3/4 inches (7 x 3.2 x 1.9 cm),2-3/4 x 1-5-/8 x 1-1/2 inches (7 x 4.1 x 3.8 cm),$50 - $100.,275.00
KAWS X BE@RBRICK,Companion 100% (Grey),2002,Painted cast vinyl,2-3/4 x 1-1/4 x 3/4 inches (7 x 3.2 x 1.9 cm),,$50 - $100.,325.00
KAWS X BE@RBRICK,Dissected Companion 100% (Grey),2008,Painted cast vinyl,2-3/4 x 1-1/4 x 3/4 inches (7 x 3.2 x 1.9 cm),2-3/4 x 1-5/8 x 1-1/2 inches (7 x 4.1 x 3.8 cm),$100 - $150.,300.00
KAWS X BE@RBRICK,Dissected Companion 100%,2008,Painted cast vinyl,2-3/4 x 1-1/4 x 3/4 inches (7 x 3.2 x 1.9 cm),2-3/4 x 1-5/8 x 1-1/2 inches (7 x 4.1 x 3.8 cm),$100 - $150.,275.00
